<?xml version="1.0" encoding="UTF-8"?>
<con:soapui-project id="374fe1bd-43ad-477e-9f7f-eab8b290a3d5" activeEnvironment="Default" name="con:id>" soapui-version="5.5.0" abortOnError="false" runType="SEQUENTIAL" resourceRoot="${projectDir}" xmlns:con="http://eviware.com/soapui/config"><con:settings/><con:interface xsi:type="con:WsdlInterface" id="98480fef-5b7e-4d30-93ca-f8dd240b9e53" wsaVersion="NONE" name="ContactsPortSoap11" type="wsdl" bindingName="{http://www.diasoft.com/contacts-ws}ContactsPortSoap11" soapVersion="1_1" anonymous="optional" definition="http://localhost:8080/ws/contacts.wsdl" xmlns:xsi="http://www.w3.org/2001/XMLSchema-instance"><con:settings/><con:definitionCache type="TEXT" rootPart="http://localhost:8080/ws/contacts.wsdl"><con:part><con:url>http://localhost:8080/ws/contacts.wsdl</con:url><con:content><![CDATA[<wsdl:definitions targetNamespace="http://www.diasoft.com/contacts-ws" xmlns:wsdl="http://schemas.xmlsoap.org/wsdl/" xmlns:sch="http://www.diasoft.com/contacts-ws" xmlns:soap="http://schemas.xmlsoap.org/wsdl/soap/" xmlns:tns="http://www.diasoft.com/contacts-ws">
  <wsdl:types>
    <xs:schema elementFormDefault="qualified" targetNamespace="http://www.diasoft.com/contacts-ws" xmlns:xs="http://www.w3.org/2001/XMLSchema">
      <!--get-->
      <xs:element name="getContactByIdRequest">
        <xs:complexType>
          <xs:sequence>
            <xs:element name="id" type="xs:long"/>
          </xs:sequence>
        </xs:complexType>
      </xs:element>
      <xs:element name="getContactByIdResponse">
        <xs:complexType>
          <xs:sequence>
            <xs:element name="contact" type="tns:contact"/>
          </xs:sequence>
        </xs:complexType>
      </xs:element>
      <xs:element name="getAllContactsRequest">
        <xs:complexType/>
      </xs:element>
      <xs:element name="getAllContactsResponse">
        <xs:complexType>
          <xs:sequence>
            <xs:element maxOccurs="unbounded" name="contact" type="tns:contact"/>
          </xs:sequence>
        </xs:complexType>
      </xs:element>
      <!--add-->
      <xs:element name="addContactRequest">
        <xs:complexType>
          <xs:sequence>
            <xs:element name="number" type="xs:string"/>
            <xs:element name="type" type="xs:string"/>
            <xs:element name="person" type="tns:person"/>
          </xs:sequence>
        </xs:complexType>
      </xs:element>
      <xs:element name="addContactResponse">
        <xs:complexType>
          <xs:sequence>
            <xs:element name="serviceStatus" type="tns:serviceStatus"/>
            <xs:element name="contact" type="tns:contact"/>
          </xs:sequence>
        </xs:complexType>
      </xs:element>
      <!--update-->
      <xs:element name="updateContactRequest">
        <xs:complexType>
          <xs:sequence>
            <xs:element name="contact" type="tns:contact"/>
          </xs:sequence>
        </xs:complexType>
      </xs:element>
      <xs:element name="updateContactResponse">
        <xs:complexType>
          <xs:sequence>
            <xs:element name="serviceStatus" type="tns:serviceStatus"/>
            <xs:element name="contact" type="tns:contact"/>
          </xs:sequence>
        </xs:complexType>
      </xs:element>
      <!--delete-->
      <xs:element name="deleteContactRequest">
        <xs:complexType>
          <xs:sequence>
            <xs:element name="id" type="xs:long"/>
          </xs:sequence>
        </xs:complexType>
      </xs:element>
      <xs:element name="deleteContactResponse">
        <xs:complexType>
          <xs:sequence>
            <xs:element name="serviceStatus" type="tns:serviceStatus"/>
          </xs:sequence>
        </xs:complexType>
      </xs:element>
      <!--complex types-->
      <xs:complexType name="serviceStatus">
        <xs:sequence>
          <xs:element name="statusCode" type="xs:string"/>
          <xs:element name="message" type="xs:string"/>
        </xs:sequence>
      </xs:complexType>
      <xs:complexType name="contact">
        <xs:sequence>
          <xs:element name="id" type="xs:long"/>
          <xs:element name="number" type="xs:string"/>
          <xs:element name="type" type="xs:string"/>
          <xs:element name="person" type="tns:person"/>
        </xs:sequence>
      </xs:complexType>
      <xs:complexType name="person">
        <xs:sequence>
          <xs:element name="first_name" type="xs:string"/>
          <xs:element name="last_name" type="xs:string"/>
          <xs:element name="middle_name" type="xs:string"/>
          <xs:element name="position" type="xs:string"/>
        </xs:sequence>
      </xs:complexType>
    </xs:schema>
  </wsdl:types>
  <wsdl:message name="deleteContactResponse">
    <wsdl:part element="tns:deleteContactResponse" name="deleteContactResponse"></wsdl:part>
  </wsdl:message>
  <wsdl:message name="addContactResponse">
    <wsdl:part element="tns:addContactResponse" name="addContactResponse"></wsdl:part>
  </wsdl:message>
  <wsdl:message name="updateContactResponse">
    <wsdl:part element="tns:updateContactResponse" name="updateContactResponse"></wsdl:part>
  </wsdl:message>
  <wsdl:message name="deleteContactRequest">
    <wsdl:part element="tns:deleteContactRequest" name="deleteContactRequest"></wsdl:part>
  </wsdl:message>
  <wsdl:message name="getContactByIdRequest">
    <wsdl:part element="tns:getContactByIdRequest" name="getContactByIdRequest"></wsdl:part>
  </wsdl:message>
  <wsdl:message name="getAllContactsRequest">
    <wsdl:part element="tns:getAllContactsRequest" name="getAllContactsRequest"></wsdl:part>
  </wsdl:message>
  <wsdl:message name="addContactRequest">
    <wsdl:part element="tns:addContactRequest" name="addContactRequest"></wsdl:part>
  </wsdl:message>
  <wsdl:message name="getContactByIdResponse">
    <wsdl:part element="tns:getContactByIdResponse" name="getContactByIdResponse"></wsdl:part>
  </wsdl:message>
  <wsdl:message name="getAllContactsResponse">
    <wsdl:part element="tns:getAllContactsResponse" name="getAllContactsResponse"></wsdl:part>
  </wsdl:message>
  <wsdl:message name="updateContactRequest">
    <wsdl:part element="tns:updateContactRequest" name="updateContactRequest"></wsdl:part>
  </wsdl:message>
  <wsdl:portType name="ContactsPort">
    <wsdl:operation name="deleteContact">
      <wsdl:input message="tns:deleteContactRequest" name="deleteContactRequest"></wsdl:input>
      <wsdl:output message="tns:deleteContactResponse" name="deleteContactResponse"></wsdl:output>
    </wsdl:operation>
    <wsdl:operation name="addContact">
      <wsdl:input message="tns:addContactRequest" name="addContactRequest"></wsdl:input>
      <wsdl:output message="tns:addContactResponse" name="addContactResponse"></wsdl:output>
    </wsdl:operation>
    <wsdl:operation name="updateContact">
      <wsdl:input message="tns:updateContactRequest" name="updateContactRequest"></wsdl:input>
      <wsdl:output message="tns:updateContactResponse" name="updateContactResponse"></wsdl:output>
    </wsdl:operation>
    <wsdl:operation name="getContactById">
      <wsdl:input message="tns:getContactByIdRequest" name="getContactByIdRequest"></wsdl:input>
      <wsdl:output message="tns:getContactByIdResponse" name="getContactByIdResponse"></wsdl:output>
    </wsdl:operation>
    <wsdl:operation name="getAllContacts">
      <wsdl:input message="tns:getAllContactsRequest" name="getAllContactsRequest"></wsdl:input>
      <wsdl:output message="tns:getAllContactsResponse" name="getAllContactsResponse"></wsdl:output>
    </wsdl:operation>
  </wsdl:portType>
  <wsdl:binding name="ContactsPortSoap11" type="tns:ContactsPort">
    <soap:binding style="document" transport="http://schemas.xmlsoap.org/soap/http"/>
    <wsdl:operation name="deleteContact">
      <soap:operation soapAction=""/>
      <wsdl:input name="deleteContactRequest">
        <soap:body use="literal"/>
      </wsdl:input>
      <wsdl:output name="deleteContactResponse">
        <soap:body use="literal"/>
      </wsdl:output>
    </wsdl:operation>
    <wsdl:operation name="addContact">
      <soap:operation soapAction=""/>
      <wsdl:input name="addContactRequest">
        <soap:body use="literal"/>
      </wsdl:input>
      <wsdl:output name="addContactResponse">
        <soap:body use="literal"/>
      </wsdl:output>
    </wsdl:operation>
    <wsdl:operation name="updateContact">
      <soap:operation soapAction=""/>
      <wsdl:input name="updateContactRequest">
        <soap:body use="literal"/>
      </wsdl:input>
      <wsdl:output name="updateContactResponse">
        <soap:body use="literal"/>
      </wsdl:output>
    </wsdl:operation>
    <wsdl:operation name="getContactById">
      <soap:operation soapAction=""/>
      <wsdl:input name="getContactByIdRequest">
        <soap:body use="literal"/>
      </wsdl:input>
      <wsdl:output name="getContactByIdResponse">
        <soap:body use="literal"/>
      </wsdl:output>
    </wsdl:operation>
    <wsdl:operation name="getAllContacts">
      <soap:operation soapAction=""/>
      <wsdl:input name="getAllContactsRequest">
        <soap:body use="literal"/>
      </wsdl:input>
      <wsdl:output name="getAllContactsResponse">
        <soap:body use="literal"/>
      </wsdl:output>
    </wsdl:operation>
  </wsdl:binding>
  <wsdl:service name="ContactsPortService">
    <wsdl:port binding="tns:ContactsPortSoap11" name="ContactsPortSoap11">
      <soap:address location="http://localhost:8080/ws"/>
    </wsdl:port>
  </wsdl:service>
</wsdl:definitions>]]></con:content><con:type>http://schemas.xmlsoap.org/wsdl/</con:type></con:part></con:definitionCache><con:endpoints><con:endpoint>http://localhost:8080/ws</con:endpoint></con:endpoints><con:operation id="524bfb3f-137a-4c1b-a8dd-375f41465831" isOneWay="false" action="" name="addContact" bindingOperationName="addContact" type="Request-Response" outputName="addContactResponse" inputName="addContactRequest" receivesAttachments="false" sendsAttachments="false" anonymous="optional"><con:settings/><con:call id="9fbe467f-f1b7-4bba-9382-16601c93d8b0" name="Request 1"><con:settings><con:setting id="com.eviware.soapui.impl.wsdl.WsdlRequest@request-headers">&lt;xml-fragment/></con:setting></con:settings><con:encoding>UTF-8</con:encoding><con:endpoint>http://localhost:8080/ws</con:endpoint><con:request><![CDATA[<soapenv:Envelope xmlns:soapenv="http://schemas.xmlsoap.org/soap/envelope/" xmlns:con="http://www.diasoft.com/contacts-ws">
   <soapenv:Header/>
   <soapenv:Body>
      <con:addContactRequest>
         <con:number>?</con:number>
         <con:type>?</con:type>
         <con:person>
            <con:first_name>?</con:first_name>
            <con:last_name>?</con:last_name>
            <con:middle_name>?</con:middle_name>
            <con:position>?</con:position>
         </con:person>
      </con:addContactRequest>
   </soapenv:Body>
</soapenv:Envelope>]]></con:request><con:credentials><con:authType>No Authorization</con:authType></con:credentials><con:jmsConfig JMSDeliveryMode="PERSISTENT"/><con:jmsPropertyConfig/><con:wsaConfig mustUnderstand="NONE" version="200508" action="http://www.diasoft.com/contacts-ws/ContactsPort/addContactRequest"/><con:wsrmConfig version="1.2"/></con:call></con:operation><con:operation id="8bd895d5-0468-4f5d-95a2-4372071e2ff4" isOneWay="false" action="" name="deleteContact" bindingOperationName="deleteContact" type="Request-Response" outputName="deleteContactResponse" inputName="deleteContactRequest" receivesAttachments="false" sendsAttachments="false" anonymous="optional"><con:settings/><con:call id="2aadba6b-414b-41f3-bdc1-7aff1330d84c" name="Request 1"><con:settings><con:setting id="com.eviware.soapui.impl.wsdl.WsdlRequest@request-headers">&lt;xml-fragment/></con:setting></con:settings><con:encoding>UTF-8</con:encoding><con:endpoint>http://localhost:8080/ws</con:endpoint><con:request><![CDATA[<soapenv:Envelope xmlns:soapenv="http://schemas.xmlsoap.org/soap/envelope/" xmlns:con="http://www.diasoft.com/contacts-ws">
   <soapenv:Header/>
   <soapenv:Body>
      <con:deleteContactRequest>
         <con:id>2</con:id>
      </con:deleteContactRequest>
   </soapenv:Body>
</soapenv:Envelope>]]></con:request><con:credentials><con:authType>No Authorization</con:authType></con:credentials><con:jmsConfig JMSDeliveryMode="PERSISTENT"/><con:jmsPropertyConfig/><con:wsaConfig mustUnderstand="NONE" version="200508" action="http://www.diasoft.com/contacts-ws/ContactsPort/deleteContactRequest"/><con:wsrmConfig version="1.2"/></con:call></con:operation><con:operation id="1f9b534f-934f-4e58-95f5-8e639201c7fd" isOneWay="false" action="" name="getAllContacts" bindingOperationName="getAllContacts" type="Request-Response" outputName="getAllContactsResponse" inputName="getAllContactsRequest" receivesAttachments="false" sendsAttachments="false" anonymous="optional"><con:settings/><con:call id="2a455fc0-521a-40f2-b865-c11706504f12" name="Request 1"><con:settings><con:setting id="com.eviware.soapui.impl.wsdl.WsdlRequest@request-headers">&lt;xml-fragment/></con:setting></con:settings><con:encoding>UTF-8</con:encoding><con:endpoint>http://localhost:8080/ws</con:endpoint><con:request><![CDATA[<soapenv:Envelope xmlns:soapenv="http://schemas.xmlsoap.org/soap/envelope/" xmlns:con="http://www.diasoft.com/contacts-ws">
   <soapenv:Header/>
   <soapenv:Body>
      <con:getAllContactsRequest/>
   </soapenv:Body>
</soapenv:Envelope>]]></con:request><con:credentials><con:authType>No Authorization</con:authType></con:credentials><con:jmsConfig JMSDeliveryMode="PERSISTENT"/><con:jmsPropertyConfig/><con:wsaConfig mustUnderstand="NONE" version="200508" action="http://www.diasoft.com/contacts-ws/ContactsPort/getAllContactsRequest"/><con:wsrmConfig version="1.2"/></con:call></con:operation><con:operation id="8387a360-8b29-4c35-85b1-0c2031273469" isOneWay="false" action="" name="getContactById" bindingOperationName="getContactById" type="Request-Response" outputName="getContactByIdResponse" inputName="getContactByIdRequest" receivesAttachments="false" sendsAttachments="false" anonymous="optional"><con:settings/><con:call id="7ddbcee6-433c-461f-b9f9-8658175e7e70" name="Request 1"><con:settings><con:setting id="com.eviware.soapui.impl.wsdl.WsdlRequest@request-headers">&lt;xml-fragment/></con:setting></con:settings><con:encoding>UTF-8</con:encoding><con:endpoint>http://localhost:8080/ws</con:endpoint><con:request><![CDATA[<soapenv:Envelope xmlns:soapenv="http://schemas.xmlsoap.org/soap/envelope/" xmlns:con="http://www.diasoft.com/contacts-ws">
   <soapenv:Header/>
   <soapenv:Body>
      <con:getContactByIdRequest>
         <con:id>2</con:id>
      </con:getContactByIdRequest>
   </soapenv:Body>
</soapenv:Envelope>]]></con:request><con:credentials><con:authType>No Authorization</con:authType></con:credentials><con:jmsConfig JMSDeliveryMode="PERSISTENT"/><con:jmsPropertyConfig/><con:wsaConfig mustUnderstand="NONE" version="200508" action="http://www.diasoft.com/contacts-ws/ContactsPort/getContactByIdRequest"/><con:wsrmConfig version="1.2"/></con:call></con:operation><con:operation id="7eb018ef-b5d2-4cf3-8ebf-90efccf3fe58" isOneWay="false" action="" name="updateContact" bindingOperationName="updateContact" type="Request-Response" outputName="updateContactResponse" inputName="updateContactRequest" receivesAttachments="false" sendsAttachments="false" anonymous="optional"><con:settings/><con:call id="b54939b7-2162-40a1-807f-5f671044e3d1" name="Request 1"><con:settings><con:setting id="com.eviware.soapui.impl.wsdl.WsdlRequest@request-headers">&lt;xml-fragment/></con:setting></con:settings><con:encoding>UTF-8</con:encoding><con:endpoint>http://localhost:8080/ws</con:endpoint><con:request><![CDATA[<soapenv:Envelope xmlns:soapenv="http://schemas.xmlsoap.org/soap/envelope/" xmlns:con="http://www.diasoft.com/contacts-ws">
   <soapenv:Header/>
   <soapenv:Body>
      <con:updateContactRequest>
         <con:contact>
            <con:id>3</con:id>
            <con:number>45</con:number>
            <con:type>45</con:type>
            <con:person>
               <con:first_name>45</con:first_name>
               <con:last_name>?</con:last_name>
               <con:middle_name>?</con:middle_name>
               <con:position>?</con:position>
            </con:person>
         </con:contact>
      </con:updateContactRequest>
   </soapenv:Body>
</soapenv:Envelope>]]></con:request><con:credentials><con:authType>No Authorization</con:authType></con:credentials><con:jmsConfig JMSDeliveryMode="PERSISTENT"/><con:jmsPropertyConfig/><con:wsaConfig mustUnderstand="NONE" version="200508" action="http://www.diasoft.com/contacts-ws/ContactsPort/updateContactRequest"/><con:wsrmConfig version="1.2"/></con:call></con:operation></con:interface><con:testSuite id="f2c1aa20-3a1e-4357-94a3-7c6ce19c8338" name="TestSuite 1"><con:settings/><con:runType>SEQUENTIAL</con:runType><con:testCase id="ad4eb17b-5344-4c95-883a-87366376765e" failOnError="true" failTestCaseOnErrors="true" keepSession="false" maxResults="0" name="TestCase 1" searchProperties="true"><con:settings/><con:testStep type="request" id="2a5e07e5-3832-43de-83e1-5a546d0978cc" name="addContact - Request 1"><con:settings/><con:config xsi:type="con:RequestStep" xmlns:xsi="http://www.w3.org/2001/XMLSchema-instance"><con:interface>ContactsPortSoap11</con:interface><con:operation>addContact</con:operation><con:request name="addContact - Request 1" outgoingWss="" incomingWss="" timeout="" sslKeystore="" useWsAddressing="false" useWsReliableMessaging="false" wssPasswordType="" id="4c5511f4-55ff-43f7-9a6e-ff6cda1d073f"><con:settings><con:setting id="com.eviware.soapui.impl.wsdl.WsdlRequest@request-headers">&lt;xml-fragment/></con:setting></con:settings><con:encoding>UTF-8</con:encoding><con:endpoint>http://localhost:8080/ws</con:endpoint><con:request><![CDATA[<soapenv:Envelope xmlns:soapenv="http://schemas.xmlsoap.org/soap/envelope/" xmlns:con="http://www.diasoft.com/contacts-ws">
   <soapenv:Header/>
   <soapenv:Body>
      <con:addContactRequest>
         <con:number>?</con:number>
         <con:type>?</con:type>
         <con:person>
            <con:first_name>?</con:first_name>
            <con:last_name>?</con:last_name>
            <con:middle_name>?</con:middle_name>
            <con:position>?</con:position>
         </con:person>
      </con:addContactRequest>
   </soapenv:Body>
</soapenv:Envelope>]]></con:request><con:assertion type="SOAP Response" id="4772dbb3-bdac-4460-a8c6-54443a9b6708" name="SOAP Response"/><con:assertion type="Simple Contains" id="40ff4287-80ae-4afa-be3b-9ab2c2d2afd2" name="Contains"><con:configuration><token><![CDATA[<SOAP-ENV:Envelope xmlns:SOAP-ENV="http://schemas.xmlsoap.org/soap/envelope/">
   <SOAP-ENV:Header/>
   <SOAP-ENV:Body>
      <ns2:addContactResponse xmlns:ns2="http://www.diasoft.com/contacts-ws">
         <ns2:serviceStatus>
            <ns2:statusCode>SUCCESS</ns2:statusCode>
            <ns2:message>Content Added Successfully</ns2:message>
         </ns2:serviceStatus>
         <ns2:contact>
            <ns2:id>1</ns2:id>
            <ns2:number>?</ns2:number>
            <ns2:type>?</ns2:type>
            <ns2:person>
               <ns2:first_name>?</ns2:first_name>
               <ns2:last_name>?</ns2:last_name>
               <ns2:middle_name>?</ns2:middle_name>
               <ns2:position>?</ns2:position>
            </ns2:person>
         </ns2:contact>
      </ns2:addContactResponse>
   </SOAP-ENV:Body>
</SOAP-ENV:Envelope>]]></token><ignoreCase>false</ignoreCase><useRegEx>false</useRegEx></con:configuration></con:assertion><con:credentials><con:authType>No Authorization</con:authType></con:credentials><con:jmsConfig JMSDeliveryMode="PERSISTENT"/><con:jmsPropertyConfig/><con:wsaConfig mustUnderstand="NONE" version="200508" action="http://www.diasoft.com/contacts-ws/ContactsPort/addContactRequest"/><con:wsrmConfig version="1.2"/></con:request></con:config></con:testStep><con:testStep type="request" id="af0f801d-6a56-48f7-b826-3b7aa953aa50" name="addContact 2 - Request 1"><con:settings/><con:config xsi:type="con:RequestStep" xmlns:xsi="http://www.w3.org/2001/XMLSchema-instance"><con:interface>ContactsPortSoap11</con:interface><con:operation>addContact</con:operation><con:request name="addContact 2 - Request 1" outgoingWss="" incomingWss="" timeout="" sslKeystore="" useWsAddressing="false" useWsReliableMessaging="false" wssPasswordType="" id="1a15f6af-dc88-4453-8a9f-4f76160c9664"><con:settings/><con:encoding>UTF-8</con:encoding><con:endpoint>http://localhost:8080/ws</con:endpoint><con:request><![CDATA[<soapenv:Envelope xmlns:soapenv="http://schemas.xmlsoap.org/soap/envelope/" xmlns:con="http://www.diasoft.com/contacts-ws">
   <soapenv:Header/>
   <soapenv:Body>
      <con:addContactRequest>
         <con:number>?</con:number>
         <con:type>?</con:type>
         <con:person>
            <con:first_name>?</con:first_name>
            <con:last_name>?</con:last_name>
            <con:middle_name>?</con:middle_name>
            <con:position>?</con:position>
         </con:person>
      </con:addContactRequest>
   </soapenv:Body>
</soapenv:Envelope>]]></con:request><con:assertion type="SOAP Response" id="bf4f4ae1-999f-4be3-8cb4-8563440a964b" name="SOAP Response"/><con:assertion type="Simple Contains" id="b0194974-fbab-4333-a18d-e5be472c3691" name="Contains"><con:configuration><token><![CDATA[<SOAP-ENV:Envelope xmlns:SOAP-ENV="http://schemas.xmlsoap.org/soap/envelope/">
   <SOAP-ENV:Header/>
   <SOAP-ENV:Body>
      <ns2:addContactResponse xmlns:ns2="http://www.diasoft.com/contacts-ws">
         <ns2:serviceStatus>
            <ns2:statusCode>SUCCESS</ns2:statusCode>
            <ns2:message>Content Added Successfully</ns2:message>
         </ns2:serviceStatus>
         <ns2:contact>
            <ns2:id>2</ns2:id>
            <ns2:number>?</ns2:number>
            <ns2:type>?</ns2:type>
            <ns2:person>
               <ns2:first_name>?</ns2:first_name>
               <ns2:last_name>?</ns2:last_name>
               <ns2:middle_name>?</ns2:middle_name>
               <ns2:position>?</ns2:position>
            </ns2:person>
         </ns2:contact>
      </ns2:addContactResponse>
   </SOAP-ENV:Body>
</SOAP-ENV:Envelope>]]></token><ignoreCase>false</ignoreCase><useRegEx>false</useRegEx></con:configuration></con:assertion><con:credentials><con:authType>No Authorization</con:authType></con:credentials><con:jmsConfig JMSDeliveryMode="PERSISTENT"/><con:jmsPropertyConfig/><con:wsaConfig mustUnderstand="NONE" version="200508" action="http://www.diasoft.com/contacts-ws/ContactsPort/addContactRequest"/><con:wsrmConfig version="1.2"/></con:request></con:config></con:testStep><con:testStep type="request" id="46993fe8-7377-4864-bc92-d0fc58b58139" name="addContact 3- Request 3"><con:settings/><con:config xsi:type="con:RequestStep" xmlns:xsi="http://www.w3.org/2001/XMLSchema-instance"><con:interface>ContactsPortSoap11</con:interface><con:operation>addContact</con:operation><con:request name="addContact 3- Request 3" outgoingWss="" incomingWss="" timeout="" sslKeystore="" useWsAddressing="false" useWsReliableMessaging="false" wssPasswordType="" id="977576e7-706f-4c70-8c4a-7270d272c78d"><con:settings/><con:encoding>UTF-8</con:encoding><con:endpoint>http://localhost:8080/ws</con:endpoint><con:request><![CDATA[<soapenv:Envelope xmlns:soapenv="http://schemas.xmlsoap.org/soap/envelope/" xmlns:con="http://www.diasoft.com/contacts-ws">
   <soapenv:Header/>
   <soapenv:Body>
      <con:addContactRequest>
         <con:number>?</con:number>
         <con:type>?</con:type>
         <con:person>
            <con:first_name>?</con:first_name>
            <con:last_name>?</con:last_name>
            <con:middle_name>?</con:middle_name>
            <con:position>?</con:position>
         </con:person>
      </con:addContactRequest>
   </soapenv:Body>
</soapenv:Envelope>]]></con:request><con:assertion type="SOAP Response" id="c95c3f17-70b2-4b19-8a08-46453a3b74bb" name="SOAP Response"/><con:assertion type="Simple Contains" id="1811801e-1ed4-417b-aaf6-9c13ed982e3e" name="Contains"><con:configuration><token><![CDATA[<SOAP-ENV:Envelope xmlns:SOAP-ENV="http://schemas.xmlsoap.org/soap/envelope/">
   <SOAP-ENV:Header/>
   <SOAP-ENV:Body>
      <ns2:addContactResponse xmlns:ns2="http://www.diasoft.com/contacts-ws">
         <ns2:serviceStatus>
            <ns2:statusCode>SUCCESS</ns2:statusCode>
            <ns2:message>Content Added Successfully</ns2:message>
         </ns2:serviceStatus>
         <ns2:contact>
            <ns2:id>3</ns2:id>
            <ns2:number>?</ns2:number>
            <ns2:type>?</ns2:type>
            <ns2:person>
               <ns2:first_name>?</ns2:first_name>
               <ns2:last_name>?</ns2:last_name>
               <ns2:middle_name>?</ns2:middle_name>
               <ns2:position>?</ns2:position>
            </ns2:person>
         </ns2:contact>
      </ns2:addContactResponse>
   </SOAP-ENV:Body>
</SOAP-ENV:Envelope>]]></token><ignoreCase>false</ignoreCase><useRegEx>false</useRegEx></con:configuration></con:assertion><con:credentials><con:authType>No Authorization</con:authType></con:credentials><con:jmsConfig JMSDeliveryMode="PERSISTENT"/><con:jmsPropertyConfig/><con:wsaConfig mustUnderstand="NONE" version="200508" action="http://www.diasoft.com/contacts-ws/ContactsPort/addContactRequest"/><con:wsrmConfig version="1.2"/></con:request></con:config></con:testStep><con:testStep type="request" id="db1f81ae-e11a-4aa7-ab21-456c9f3c948f" name="getAllContacts - Request 1"><con:settings/><con:config xsi:type="con:RequestStep" xmlns:xsi="http://www.w3.org/2001/XMLSchema-instance"><con:interface>ContactsPortSoap11</con:interface><con:operation>getAllContacts</con:operation><con:request name="getAllContacts - Request 1" outgoingWss="" incomingWss="" timeout="" sslKeystore="" useWsAddressing="false" useWsReliableMessaging="false" wssPasswordType="" id="cc2c09d1-3e8e-4526-b5a9-3689df3df8d1"><con:settings><con:setting id="com.eviware.soapui.impl.wsdl.WsdlRequest@request-headers">&lt;xml-fragment/></con:setting></con:settings><con:encoding>UTF-8</con:encoding><con:endpoint>http://localhost:8080/ws</con:endpoint><con:request><![CDATA[<soapenv:Envelope xmlns:soapenv="http://schemas.xmlsoap.org/soap/envelope/" xmlns:con="http://www.diasoft.com/contacts-ws">
   <soapenv:Header/>
   <soapenv:Body>
      <con:getAllContactsRequest/>
   </soapenv:Body>
</soapenv:Envelope>]]></con:request><con:assertion type="SOAP Response" id="33c4a8f3-7bb1-49fc-8b2e-a35cc9d792e8" name="SOAP Response"/><con:assertion type="Simple Contains" id="ed6fd3ce-df63-4c76-b6d9-615bc969fb43" name="Contains"><con:configuration><token><![CDATA[<SOAP-ENV:Envelope xmlns:SOAP-ENV="http://schemas.xmlsoap.org/soap/envelope/">
   <SOAP-ENV:Header/>
   <SOAP-ENV:Body>
      <ns2:getAllContactsResponse xmlns:ns2="http://www.diasoft.com/contacts-ws">
         <ns2:contact>
            <ns2:id>1</ns2:id>
            <ns2:number>?</ns2:number>
            <ns2:type>?</ns2:type>
            <ns2:person>
               <ns2:first_name>?</ns2:first_name>
               <ns2:last_name>?</ns2:last_name>
               <ns2:middle_name>?</ns2:middle_name>
               <ns2:position>?</ns2:position>
            </ns2:person>
         </ns2:contact>
         <ns2:contact>
            <ns2:id>2</ns2:id>
            <ns2:number>?</ns2:number>
            <ns2:type>?</ns2:type>
            <ns2:person>
               <ns2:first_name>?</ns2:first_name>
               <ns2:last_name>?</ns2:last_name>
               <ns2:middle_name>?</ns2:middle_name>
               <ns2:position>?</ns2:position>
            </ns2:person>
         </ns2:contact>
         <ns2:contact>
            <ns2:id>3</ns2:id>
            <ns2:number>?</ns2:number>
            <ns2:type>?</ns2:type>
            <ns2:person>
               <ns2:first_name>?</ns2:first_name>
               <ns2:last_name>?</ns2:last_name>
               <ns2:middle_name>?</ns2:middle_name>
               <ns2:position>?</ns2:position>
            </ns2:person>
         </ns2:contact>
      </ns2:getAllContactsResponse>
   </SOAP-ENV:Body>
</SOAP-ENV:Envelope>]]></token><ignoreCase>false</ignoreCase><useRegEx>false</useRegEx></con:configuration></con:assertion><con:credentials><con:authType>No Authorization</con:authType></con:credentials><con:jmsConfig JMSDeliveryMode="PERSISTENT"/><con:jmsPropertyConfig/><con:wsaConfig mustUnderstand="NONE" version="200508" action="http://www.diasoft.com/contacts-ws/ContactsPort/getAllContactsRequest"/><con:wsrmConfig version="1.2"/></con:request></con:config></con:testStep><con:testStep type="request" id="fe9eb66e-7ba4-46e1-a36a-b317827f390b" name="deleteContact 2- Request 1"><con:settings/><con:config xsi:type="con:RequestStep" xmlns:xsi="http://www.w3.org/2001/XMLSchema-instance"><con:interface>ContactsPortSoap11</con:interface><con:operation>deleteContact</con:operation><con:request name="deleteContact 2- Request 1" outgoingWss="" incomingWss="" timeout="" sslKeystore="" useWsAddressing="false" useWsReliableMessaging="false" wssPasswordType="" id="3d9f0994-b790-4ca7-9e71-778b14139bb4"><con:settings><con:setting id="com.eviware.soapui.impl.wsdl.WsdlRequest@request-headers">&lt;xml-fragment/></con:setting></con:settings><con:encoding>UTF-8</con:encoding><con:endpoint>http://localhost:8080/ws</con:endpoint><con:request><![CDATA[<soapenv:Envelope xmlns:soapenv="http://schemas.xmlsoap.org/soap/envelope/" xmlns:con="http://www.diasoft.com/contacts-ws">
   <soapenv:Header/>
   <soapenv:Body>
      <con:deleteContactRequest>
         <con:id>2</con:id>
      </con:deleteContactRequest>
   </soapenv:Body>
</soapenv:Envelope>]]></con:request><con:assertion type="SOAP Response" id="109587f0-d9ed-4b53-992f-ce2ed7228386" name="SOAP Response"/><con:assertion type="Simple Contains" id="d08456bf-4afd-4aa0-a429-ede780bfd604" name="Contains"><con:configuration><token><![CDATA[<SOAP-ENV:Envelope xmlns:SOAP-ENV="http://schemas.xmlsoap.org/soap/envelope/">
   <SOAP-ENV:Header/>
   <SOAP-ENV:Body>
      <ns2:deleteContactResponse xmlns:ns2="http://www.diasoft.com/contacts-ws">
         <ns2:serviceStatus>
            <ns2:statusCode>SUCCESS</ns2:statusCode>
            <ns2:message>Deleted Successfully</ns2:message>
         </ns2:serviceStatus>
      </ns2:deleteContactResponse>
   </SOAP-ENV:Body>
</SOAP-ENV:Envelope>]]></token><ignoreCase>false</ignoreCase><useRegEx>false</useRegEx></con:configuration></con:assertion><con:credentials><con:authType>No Authorization</con:authType></con:credentials><con:jmsConfig JMSDeliveryMode="PERSISTENT"/><con:jmsPropertyConfig/><con:wsaConfig mustUnderstand="NONE" version="200508" action="http://www.diasoft.com/contacts-ws/ContactsPort/deleteContactRequest"/><con:wsrmConfig version="1.2"/></con:request></con:config></con:testStep><con:testStep type="request" id="86e087f1-6c89-4e93-9ee2-76b463278f1b" name="getAllContacts - Request 2"><con:settings/><con:config xsi:type="con:RequestStep" xmlns:xsi="http://www.w3.org/2001/XMLSchema-instance"><con:interface>ContactsPortSoap11</con:interface><con:operation>getAllContacts</con:operation><con:request name="getAllContacts - Request 2" outgoingWss="" incomingWss="" timeout="" sslKeystore="" useWsAddressing="false" useWsReliableMessaging="false" wssPasswordType="" id="21f65694-7a68-4e05-8a20-598226c96374"><con:settings/><con:encoding>UTF-8</con:encoding><con:endpoint>http://localhost:8080/ws</con:endpoint><con:request><![CDATA[<soapenv:Envelope xmlns:soapenv="http://schemas.xmlsoap.org/soap/envelope/" xmlns:con="http://www.diasoft.com/contacts-ws">
   <soapenv:Header/>
   <soapenv:Body>
      <con:getAllContactsRequest/>
   </soapenv:Body>
</soapenv:Envelope>]]></con:request><con:assertion type="SOAP Response" id="210834be-938a-4da1-9ade-a1c89fd4c4cf" name="SOAP Response"/><con:assertion type="Simple Contains" id="7152a292-92a6-4ba1-8ef7-e83be5f95aef" name="Contains"><con:configuration><token><![CDATA[<SOAP-ENV:Envelope xmlns:SOAP-ENV="http://schemas.xmlsoap.org/soap/envelope/">
   <SOAP-ENV:Header/>
   <SOAP-ENV:Body>
      <ns2:getAllContactsResponse xmlns:ns2="http://www.diasoft.com/contacts-ws">
         <ns2:contact>
            <ns2:id>1</ns2:id>
            <ns2:number>?</ns2:number>
            <ns2:type>?</ns2:type>
            <ns2:person>
               <ns2:first_name>?</ns2:first_name>
               <ns2:last_name>?</ns2:last_name>
               <ns2:middle_name>?</ns2:middle_name>
               <ns2:position>?</ns2:position>
            </ns2:person>
         </ns2:contact>
         <ns2:contact>
            <ns2:id>3</ns2:id>
            <ns2:number>?</ns2:number>
            <ns2:type>?</ns2:type>
            <ns2:person>
               <ns2:first_name>?</ns2:first_name>
               <ns2:last_name>?</ns2:last_name>
               <ns2:middle_name>?</ns2:middle_name>
               <ns2:position>?</ns2:position>
            </ns2:person>
         </ns2:contact>
      </ns2:getAllContactsResponse>
   </SOAP-ENV:Body>
</SOAP-ENV:Envelope>]]></token><ignoreCase>false</ignoreCase><useRegEx>false</useRegEx></con:configuration></con:assertion><con:credentials><con:authType>No Authorization</con:authType></con:credentials><con:jmsConfig JMSDeliveryMode="PERSISTENT"/><con:jmsPropertyConfig/><con:wsaConfig mustUnderstand="NONE" version="200508" action="http://www.diasoft.com/contacts-ws/ContactsPort/getAllContactsRequest"/><con:wsrmConfig version="1.2"/></con:request></con:config></con:testStep><con:testStep type="request" id="c2ff5b54-ec28-47c7-85a9-6909e5cec271" name="deleteContact 2 - Request 2"><con:settings/><con:config xsi:type="con:RequestStep" xmlns:xsi="http://www.w3.org/2001/XMLSchema-instance"><con:interface>ContactsPortSoap11</con:interface><con:operation>deleteContact</con:operation><con:request name="deleteContact 2 - Request 2" outgoingWss="" incomingWss="" timeout="" sslKeystore="" useWsAddressing="false" useWsReliableMessaging="false" wssPasswordType="" id="ebca4d9b-0835-4134-a4b7-9f057dca39d5"><con:settings/><con:encoding>UTF-8</con:encoding><con:endpoint>http://localhost:8080/ws</con:endpoint><con:request><![CDATA[<soapenv:Envelope xmlns:soapenv="http://schemas.xmlsoap.org/soap/envelope/" xmlns:con="http://www.diasoft.com/contacts-ws">
   <soapenv:Header/>
   <soapenv:Body>
      <con:deleteContactRequest>
         <con:id>2</con:id>
      </con:deleteContactRequest>
   </soapenv:Body>
</soapenv:Envelope>]]></con:request><con:assertion type="SOAP Response" id="0d30f8c5-b326-477e-9626-b1913ff31fd9" name="SOAP Response"/><con:assertion type="Simple Contains" id="8f1ba0f2-a15f-4b7b-9d28-70476a1fd38e" name="Contains"><con:configuration><token><![CDATA[<SOAP-ENV:Envelope xmlns:SOAP-ENV="http://schemas.xmlsoap.org/soap/envelope/">
   <SOAP-ENV:Header/>
   <SOAP-ENV:Body>
      <ns2:deleteContactResponse xmlns:ns2="http://www.diasoft.com/contacts-ws">
         <ns2:serviceStatus>
            <ns2:statusCode>FAIL</ns2:statusCode>
            <ns2:message>Problem while deleting Entity id = 2</ns2:message>
         </ns2:serviceStatus>
      </ns2:deleteContactResponse>
   </SOAP-ENV:Body>
</SOAP-ENV:Envelope>]]></token><ignoreCase>false</ignoreCase><useRegEx>false</useRegEx></con:configuration></con:assertion><con:credentials><con:authType>No Authorization</con:authType></con:credentials><con:jmsConfig JMSDeliveryMode="PERSISTENT"/><con:jmsPropertyConfig/><con:wsaConfig mustUnderstand="NONE" version="200508" action="http://www.diasoft.com/contacts-ws/ContactsPort/deleteContactRequest"/><con:wsrmConfig version="1.2"/></con:request></con:config></con:testStep><con:testStep type="request" id="3b04327c-0649-411b-8d02-5d20cd12d9b8" name="getContactById 3 - Request 1"><con:settings/><con:config xsi:type="con:RequestStep" xmlns:xsi="http://www.w3.org/2001/XMLSchema-instance"><con:interface>ContactsPortSoap11</con:interface><con:operation>getContactById</con:operation><con:request name="getContactById 3 - Request 1" outgoingWss="" incomingWss="" timeout="" sslKeystore="" useWsAddressing="false" useWsReliableMessaging="false" wssPasswordType="" id="38b88a3b-03f4-4bec-9e63-14bf0c34c0d3"><con:settings><con:setting id="com.eviware.soapui.impl.wsdl.WsdlRequest@request-headers">&lt;xml-fragment/></con:setting></con:settings><con:encoding>UTF-8</con:encoding><con:endpoint>http://localhost:8080/ws</con:endpoint><con:request><![CDATA[<soapenv:Envelope xmlns:soapenv="http://schemas.xmlsoap.org/soap/envelope/" xmlns:con="http://www.diasoft.com/contacts-ws">
   <soapenv:Header/>
   <soapenv:Body>
      <con:getContactByIdRequest>
         <con:id>3</con:id>
      </con:getContactByIdRequest>
   </soapenv:Body>
</soapenv:Envelope>]]></con:request><con:assertion type="SOAP Response" id="bc0d070b-198a-4ec0-86b3-2146598f44ed" name="SOAP Response"/><con:assertion type="Simple Contains" id="e7fab112-e87b-4904-a388-84e8b1c8f3aa" name="Contains"><con:configuration><token><![CDATA[<SOAP-ENV:Envelope xmlns:SOAP-ENV="http://schemas.xmlsoap.org/soap/envelope/">
   <SOAP-ENV:Header/>
   <SOAP-ENV:Body>
      <ns2:getContactByIdResponse xmlns:ns2="http://www.diasoft.com/contacts-ws">
         <ns2:contact>
            <ns2:id>3</ns2:id>
            <ns2:number>?</ns2:number>
            <ns2:type>?</ns2:type>
            <ns2:person>
               <ns2:first_name>?</ns2:first_name>
               <ns2:last_name>?</ns2:last_name>
               <ns2:middle_name>?</ns2:middle_name>
               <ns2:position>?</ns2:position>
            </ns2:person>
         </ns2:contact>
      </ns2:getContactByIdResponse>
   </SOAP-ENV:Body>
</SOAP-ENV:Envelope>]]></token><ignoreCase>false</ignoreCase><useRegEx>false</useRegEx></con:configuration></con:assertion><con:assertion type="Simple Contains" id="514405a5-671f-4837-9b57-55d4c2ed4349" name="Contains 1"><con:configuration><token><![CDATA[<SOAP-ENV:Envelope xmlns:SOAP-ENV="http://schemas.xmlsoap.org/soap/envelope/">
   <SOAP-ENV:Header/>
   <SOAP-ENV:Body>
      <ns2:getContactByIdResponse xmlns:ns2="http://www.diasoft.com/contacts-ws">
         <ns2:contact>
            <ns2:id>3</ns2:id>
            <ns2:number>?</ns2:number>
            <ns2:type>?</ns2:type>
            <ns2:person>
               <ns2:first_name>?</ns2:first_name>
               <ns2:last_name>?</ns2:last_name>
               <ns2:middle_name>?</ns2:middle_name>
               <ns2:position>?</ns2:position>
            </ns2:person>
         </ns2:contact>
      </ns2:getContactByIdResponse>
   </SOAP-ENV:Body>
</SOAP-ENV:Envelope>]]></token><ignoreCase>false</ignoreCase><useRegEx>false</useRegEx></con:configuration></con:assertion><con:credentials><con:authType>No Authorization</con:authType></con:credentials><con:jmsConfig JMSDeliveryMode="PERSISTENT"/><con:jmsPropertyConfig/><con:wsaConfig mustUnderstand="NONE" version="200508" action="http://www.diasoft.com/contacts-ws/ContactsPort/getContactByIdRequest"/><con:wsrmConfig version="1.2"/></con:request></con:config></con:testStep><con:testStep type="request" id="246ce1ad-c413-464d-bb84-1890af6f4179" name="getContactById 2- Request 1"><con:settings/><con:config xsi:type="con:RequestStep" xmlns:xsi="http://www.w3.org/2001/XMLSchema-instance"><con:interface>ContactsPortSoap11</con:interface><con:operation>getContactById</con:operation><con:request name="getContactById 2- Request 1" outgoingWss="" incomingWss="" timeout="" sslKeystore="" useWsAddressing="false" useWsReliableMessaging="false" wssPasswordType="" id="53af6e8d-6d4e-4d2a-9a98-183aba95fb21"><con:settings><con:setting id="com.eviware.soapui.impl.wsdl.WsdlRequest@request-headers">&lt;xml-fragment/></con:setting></con:settings><con:encoding>UTF-8</con:encoding><con:endpoint>http://localhost:8080/ws</con:endpoint><con:request><![CDATA[<soapenv:Envelope xmlns:soapenv="http://schemas.xmlsoap.org/soap/envelope/" xmlns:con="http://www.diasoft.com/contacts-ws">
   <soapenv:Header/>
   <soapenv:Body>
      <con:getContactByIdRequest>
         <con:id>2</con:id>
      </con:getContactByIdRequest>
   </soapenv:Body>
</soapenv:Envelope>]]></con:request><con:assertion type="SOAP Response" id="8b4fe75f-795e-4543-adb0-d0eaba32f397" name="SOAP Response"/><con:assertion type="Simple Contains" id="ebebe361-a343-4d31-87b4-1a4136fb2dbd" name="Contains"><con:configuration><token><![CDATA[<SOAP-ENV:Envelope xmlns:SOAP-ENV="http://schemas.xmlsoap.org/soap/envelope/">
   <SOAP-ENV:Header/>
   <SOAP-ENV:Body>
      <ns2:getContactByIdResponse xmlns:ns2="http://www.diasoft.com/contacts-ws">
         <ns2:serviceStatus>
            <ns2:statusCode>NOT FOUND</ns2:statusCode>
            <ns2:message>Contact not found</ns2:message>
         </ns2:serviceStatus>
      </ns2:getContactByIdResponse>
   </SOAP-ENV:Body>
</SOAP-ENV:Envelope>]]></token><ignoreCase>false</ignoreCase><useRegEx>false</useRegEx></con:configuration></con:assertion><con:credentials><con:authType>No Authorization</con:authType></con:credentials><con:jmsConfig JMSDeliveryMode="PERSISTENT"/><con:jmsPropertyConfig/><con:wsaConfig mustUnderstand="NONE" version="200508" action="http://www.diasoft.com/contacts-ws/ContactsPort/getContactByIdRequest"/><con:wsrmConfig version="1.2"/></con:request></con:config></con:testStep><con:testStep type="request" id="b17ca500-724a-4c0c-b630-79a11257a1e8" name="updateContact 3 - Request 1"><con:settings/><con:config xsi:type="con:RequestStep" xmlns:xsi="http://www.w3.org/2001/XMLSchema-instance"><con:interface>ContactsPortSoap11</con:interface><con:operation>updateContact</con:operation><con:request name="updateContact 3 - Request 1" outgoingWss="" incomingWss="" timeout="" sslKeystore="" useWsAddressing="false" useWsReliableMessaging="false" wssPasswordType="" id="932c3241-d4f9-467c-8086-01b14f66bd49"><con:settings><con:setting id="com.eviware.soapui.impl.wsdl.WsdlRequest@request-headers">&lt;xml-fragment/></con:setting></con:settings><con:encoding>UTF-8</con:encoding><con:endpoint>http://localhost:8080/ws</con:endpoint><con:request><![CDATA[<soapenv:Envelope xmlns:soapenv="http://schemas.xmlsoap.org/soap/envelope/" xmlns:con="http://www.diasoft.com/contacts-ws">
   <soapenv:Header/>
   <soapenv:Body>
      <con:updateContactRequest>
         <con:contact>
            <con:id>3</con:id>
            <con:number>45</con:number>
            <con:type>45</con:type>
            <con:person>
               <con:first_name>45</con:first_name>
               <con:last_name>?</con:last_name>
               <con:middle_name>?</con:middle_name>
               <con:position>?</con:position>
            </con:person>
         </con:contact>
      </con:updateContactRequest>
   </soapenv:Body>
</soapenv:Envelope>]]></con:request><con:assertion type="SOAP Response" id="2445e627-cfc5-4b44-8619-5b12e6769cff" name="SOAP Response"/><con:assertion type="Simple Contains" id="a6ccd2e0-c298-498b-8171-5695d46edee8" name="Contains"><con:configuration><token><![CDATA[<SOAP-ENV:Envelope xmlns:SOAP-ENV="http://schemas.xmlsoap.org/soap/envelope/">
   <SOAP-ENV:Header/>
   <SOAP-ENV:Body>
      <ns2:updateContactResponse xmlns:ns2="http://www.diasoft.com/contacts-ws">
         <ns2:serviceStatus>
            <ns2:statusCode>SUCCESS</ns2:statusCode>
            <ns2:message>Contact id= 3 was updated Successfully</ns2:message>
         </ns2:serviceStatus>
      </ns2:updateContactResponse>
   </SOAP-ENV:Body>
</SOAP-ENV:Envelope>]]></token><ignoreCase>false</ignoreCase><useRegEx>false</useRegEx></con:configuration></con:assertion><con:credentials><con:authType>No Authorization</con:authType></con:credentials><con:jmsConfig JMSDeliveryMode="PERSISTENT"/><con:jmsPropertyConfig/><con:wsaConfig mustUnderstand="NONE" version="200508" action="http://www.diasoft.com/contacts-ws/ContactsPort/updateContactRequest"/><con:wsrmConfig version="1.2"/></con:request></con:config></con:testStep><con:testStep type="request" id="d479c694-d812-4214-b977-e282e2d7fddd" name="getContactById 3 - Request 2"><con:settings/><con:config xsi:type="con:RequestStep" xmlns:xsi="http://www.w3.org/2001/XMLSchema-instance"><con:interface>ContactsPortSoap11</con:interface><con:operation>getContactById</con:operation><con:request name="getContactById 3 - Request 2" outgoingWss="" incomingWss="" timeout="" sslKeystore="" useWsAddressing="false" useWsReliableMessaging="false" wssPasswordType="" id="25685870-5e27-4c93-92af-417f974c65cf"><con:settings><con:setting id="com.eviware.soapui.impl.wsdl.WsdlRequest@request-headers">&lt;xml-fragment/></con:setting></con:settings><con:encoding>UTF-8</con:encoding><con:endpoint>http://localhost:8080/ws</con:endpoint><con:request><![CDATA[<soapenv:Envelope xmlns:soapenv="http://schemas.xmlsoap.org/soap/envelope/" xmlns:con="http://www.diasoft.com/contacts-ws">
   <soapenv:Header/>
   <soapenv:Body>
      <con:getContactByIdRequest>
         <con:id>3</con:id>
      </con:getContactByIdRequest>
   </soapenv:Body>
</soapenv:Envelope>]]></con:request><con:assertion type="SOAP Response" id="c18123c9-822c-4f76-bf52-1136b1094b52" name="SOAP Response"/><con:assertion type="Simple Contains" id="b3ce8cdd-475c-419e-abd1-ff704d4f47e8" name="Contains"><con:configuration><token><![CDATA[<SOAP-ENV:Envelope xmlns:SOAP-ENV="http://schemas.xmlsoap.org/soap/envelope/">
   <SOAP-ENV:Header/>
   <SOAP-ENV:Body>
      <ns2:getContactByIdResponse xmlns:ns2="http://www.diasoft.com/contacts-ws">
         <ns2:contact>
            <ns2:id>3</ns2:id>
            <ns2:number>45</ns2:number>
            <ns2:type>45</ns2:type>
            <ns2:person>
               <ns2:first_name>45</ns2:first_name>
               <ns2:last_name>?</ns2:last_name>
               <ns2:middle_name>?</ns2:middle_name>
               <ns2:position>?</ns2:position>
            </ns2:person>
         </ns2:contact>
      </ns2:getContactByIdResponse>
   </SOAP-ENV:Body>
</SOAP-ENV:Envelope>]]></token><ignoreCase>false</ignoreCase><useRegEx>false</useRegEx></con:configuration></con:assertion><con:credentials><con:authType>No Authorization</con:authType></con:credentials><con:jmsConfig JMSDeliveryMode="PERSISTENT"/><con:jmsPropertyConfig/><con:wsaConfig mustUnderstand="NONE" version="200508" action="http://www.diasoft.com/contacts-ws/ContactsPort/getContactByIdRequest"/><con:wsrmConfig version="1.2"/></con:request></con:config></con:testStep><con:testStep type="request" id="b833e067-7e84-4fce-85b3-97bbc942bc6e" name="getContactById 2 - Request 2"><con:settings/><con:config xsi:type="con:RequestStep" xmlns:xsi="http://www.w3.org/2001/XMLSchema-instance"><con:interface>ContactsPortSoap11</con:interface><con:operation>getContactById</con:operation><con:request name="getContactById 2 - Request 2" outgoingWss="" incomingWss="" timeout="" sslKeystore="" useWsAddressing="false" useWsReliableMessaging="false" wssPasswordType="" id="c2f71a4c-3e70-4fa3-b203-61b741dc7acf"><con:settings><con:setting id="com.eviware.soapui.impl.wsdl.WsdlRequest@request-headers">&lt;xml-fragment/></con:setting></con:settings><con:encoding>UTF-8</con:encoding><con:endpoint>http://localhost:8080/ws</con:endpoint><con:request><![CDATA[<soapenv:Envelope xmlns:soapenv="http://schemas.xmlsoap.org/soap/envelope/" xmlns:con="http://www.diasoft.com/contacts-ws">
   <soapenv:Header/>
   <soapenv:Body>
      <con:getContactByIdRequest>
         <con:id>2</con:id>
      </con:getContactByIdRequest>
   </soapenv:Body>
</soapenv:Envelope>]]></con:request><con:assertion type="SOAP Response" id="b668fd66-c59f-47ec-bb3a-5ee3fda50526" name="SOAP Response"/><con:assertion type="Simple Contains" id="da03145b-daf3-4bff-9013-bf0f4b74cf4b" name="Contains"><con:configuration><token><![CDATA[<SOAP-ENV:Envelope xmlns:SOAP-ENV="http://schemas.xmlsoap.org/soap/envelope/">
   <SOAP-ENV:Header/>
   <SOAP-ENV:Body>
      <ns2:getContactByIdResponse xmlns:ns2="http://www.diasoft.com/contacts-ws">
         <ns2:serviceStatus>
            <ns2:statusCode>NOT FOUND</ns2:statusCode>
            <ns2:message>Contact not found</ns2:message>
         </ns2:serviceStatus>
      </ns2:getContactByIdResponse>
   </SOAP-ENV:Body>
</SOAP-ENV:Envelope>]]></token><ignoreCase>false</ignoreCase><useRegEx>false</useRegEx></con:configuration></con:assertion><con:credentials><con:authType>No Authorization</con:authType></con:credentials><con:jmsConfig JMSDeliveryMode="PERSISTENT"/><con:jmsPropertyConfig/><con:wsaConfig mustUnderstand="NONE" version="200508" action="http://www.diasoft.com/contacts-ws/ContactsPort/getContactByIdRequest"/><con:wsrmConfig version="1.2"/></con:request></con:config></con:testStep><con:testStep type="request" id="d980ee12-963c-4663-9829-236278af4622" name="getAllContacts - Request 3"><con:settings/><con:config xsi:type="con:RequestStep" xmlns:xsi="http://www.w3.org/2001/XMLSchema-instance"><con:interface>ContactsPortSoap11</con:interface><con:operation>getAllContacts</con:operation><con:request name="getAllContacts - Request 3" outgoingWss="" incomingWss="" timeout="" sslKeystore="" useWsAddressing="false" useWsReliableMessaging="false" wssPasswordType="" id="98391dfe-5b4a-4b43-9576-3389c0df106b"><con:settings><con:setting id="com.eviware.soapui.impl.wsdl.WsdlRequest@request-headers">&lt;xml-fragment/></con:setting></con:settings><con:encoding>UTF-8</con:encoding><con:endpoint>http://localhost:8080/ws</con:endpoint><con:request><![CDATA[<soapenv:Envelope xmlns:soapenv="http://schemas.xmlsoap.org/soap/envelope/" xmlns:con="http://www.diasoft.com/contacts-ws">
   <soapenv:Header/>
   <soapenv:Body>
      <con:getAllContactsRequest/>
   </soapenv:Body>
</soapenv:Envelope>]]></con:request><con:assertion type="SOAP Response" id="80d3f0fa-9385-429a-9e07-d3f3eca7edf0" name="SOAP Response"/><con:assertion type="Simple Contains" id="6a3a4d3f-a305-4418-91a2-6457f82ad697" name="Contains"><con:configuration><token><![CDATA[<SOAP-ENV:Envelope xmlns:SOAP-ENV="http://schemas.xmlsoap.org/soap/envelope/">
   <SOAP-ENV:Header/>
   <SOAP-ENV:Body>
      <ns2:getAllContactsResponse xmlns:ns2="http://www.diasoft.com/contacts-ws">
         <ns2:contact>
            <ns2:id>1</ns2:id>
            <ns2:number>?</ns2:number>
            <ns2:type>?</ns2:type>
            <ns2:person>
               <ns2:first_name>?</ns2:first_name>
               <ns2:last_name>?</ns2:last_name>
               <ns2:middle_name>?</ns2:middle_name>
               <ns2:position>?</ns2:position>
            </ns2:person>
         </ns2:contact>
         <ns2:contact>
            <ns2:id>3</ns2:id>
            <ns2:number>45</ns2:number>
            <ns2:type>45</ns2:type>
            <ns2:person>
               <ns2:first_name>45</ns2:first_name>
               <ns2:last_name>?</ns2:last_name>
               <ns2:middle_name>?</ns2:middle_name>
               <ns2:position>?</ns2:position>
            </ns2:person>
         </ns2:contact>
      </ns2:getAllContactsResponse>
   </SOAP-ENV:Body>
</SOAP-ENV:Envelope>]]></token><ignoreCase>false</ignoreCase><useRegEx>false</useRegEx></con:configuration></con:assertion><con:credentials><con:authType>No Authorization</con:authType></con:credentials><con:jmsConfig JMSDeliveryMode="PERSISTENT"/><con:jmsPropertyConfig/><con:wsaConfig mustUnderstand="NONE" version="200508" action="http://www.diasoft.com/contacts-ws/ContactsPort/getAllContactsRequest"/><con:wsrmConfig version="1.2"/></con:request></con:config></con:testStep><con:properties/></con:testCase><con:properties/></con:testSuite><con:properties/><con:wssContainer/><con:oAuth2ProfileContainer/><con:oAuth1ProfileContainer/><con:sensitiveInformation/></con:soapui-project>